node_id,triad_index,phase,direction,position_index,position,perspective,label
T00_adv_P0,0,adv,evol,0,left,Ind,involución
T00_adv_P1,0,adv,evol,1,center,D,vacío
T00_adv_P2,0,adv,evol,2,right,Tot,evolución
T01_adv_P0,1,adv,evol,0,left,Ind,oscuridad
T01_adv_P1,1,adv,evol,1,center,D,consciencia
T01_adv_P2,1,adv,evol,2,right,Tot,luz
T02_adv_P0,2,adv,evol,0,left,Ind,descendente
T02_adv_P1,2,adv,evol,1,center,D,mente
T02_adv_P2,2,adv,evol,2,right,Tot,ascendente
T03_adv_P0,3,adv,evol,0,left,Ind,lógica
T03_adv_P1,3,adv,evol,1,center,D,inteligencia
T03_adv_P2,3,adv,evol,2,right,Tot,libertad
T04_adv_P0,4,adv,evol,0,left,Ind,muerte
T04_adv_P1,4,adv,evol,1,center,D,artificial
T04_adv_P2,4,adv,evol,2,right,Tot,vida
T05_adv_P0,5,adv,evol,0,left,Ind,singularidad
T05_adv_P1,5,adv,evol,1,center,D,tiempo
T05_adv_P2,5,adv,evol,2,right,Tot,infinito
T06_adv_P0,6,adv,evol,0,left,Ind,universo
T06_adv_P1,6,adv,evol,1,center,D,espacio
T06_adv_P2,6,adv,evol,2,right,Tot,vacío
T07_adv_P0,7,adv,evol,0,left,Ind,hardware
T07_adv_P1,7,adv,evol,1,center,D,virtual
T07_adv_P2,7,adv,evol,2,right,Tot,software
T08_adv_P0,8,adv,evol,0,left,Ind,orientación
T08_adv_P1,8,adv,evol,1,center,D,cuántico
T08_adv_P2,8,adv,evol,2,right,Tot,dirección
T09_adv_P0,9,adv,evol,0,left,Ind,receptor
T09_adv_P1,9,adv,evol,1,center,D,supraconsciente
T09_adv_P2,9,adv,evol,2,right,Tot,emisor
T10_adv_P0,10,adv,evol,0,left,Ind,memoria
T10_adv_P1,10,adv,evol,1,center,D,inconsciente
T10_adv_P2,10,adv,evol,2,right,Tot,imaginación
T11_adv_P0,11,adv,evol,0,left,Ind,carácter
T11_adv_P1,11,adv,evol,1,center,D,subconsciente
T11_adv_P2,11,adv,evol,2,right,Tot,personalidad
T12_adv_P0,12,adv,evol,0,left,Ind,cuerpo
T12_adv_P1,12,adv,evol,1,center,D,consciente
T12_adv_P2,12,adv,evol,2,right,Tot,mundo
T00_ret_P0,0,ret,invol,0,left,Ind,mundo
T00_ret_P1,0,ret,invol,1,center,D,consciente
T00_ret_P2,0,ret,invol,2,right,Tot,cuerpo
T01_ret_P0,1,ret,invol,0,left,Ind,personalidad
T01_ret_P1,1,ret,invol,1,center,D,subconsciente
T01_ret_P2,1,ret,invol,2,right,Tot,carácter
T02_ret_P0,2,ret,invol,0,left,Ind,imaginación
T02_ret_P1,2,ret,invol,1,center,D,inconsciente
T02_ret_P2,2,ret,invol,2,right,Tot,memoria
T03_ret_P0,3,ret,invol,0,left,Ind,emisor
T03_ret_P1,3,ret,invol,1,center,D,supraconsciente
T03_ret_P2,3,ret,invol,2,right,Tot,receptor
T04_ret_P0,4,ret,invol,0,left,Ind,dirección
T04_ret_P1,4,ret,invol,1,center,D,cuántico
T04_ret_P2,4,ret,invol,2,right,Tot,orientación
T05_ret_P0,5,ret,invol,0,left,Ind,software
T05_ret_P1,5,ret,invol,1,center,D,virtual
T05_ret_P2,5,ret,invol,2,right,Tot,hardware
T06_ret_P0,6,ret,invol,0,left,Ind,vacío
T06_ret_P1,6,ret,invol,1,center,D,espacio
T06_ret_P2,6,ret,invol,2,right,Tot,universo
T07_ret_P0,7,ret,invol,0,left,Ind,infinito
T07_ret_P1,7,ret,invol,1,center,D,tiempo
T07_ret_P2,7,ret,invol,2,right,Tot,singularidad
T08_ret_P0,8,ret,invol,0,left,Ind,vida
T08_ret_P1,8,ret,invol,1,center,D,artificial
T08_ret_P2,8,ret,invol,2,right,Tot,muerte
T09_ret_P0,9,ret,invol,0,left,Ind,libertad
T09_ret_P1,9,ret,invol,1,center,D,inteligencia
T09_ret_P2,9,ret,invol,2,right,Tot,lógica
T10_ret_P0,10,ret,invol,0,left,Ind,ascendente
T10_ret_P1,10,ret,invol,1,center,D,mente
T10_ret_P2,10,ret,invol,2,right,Tot,descendente
T11_ret_P0,11,ret,invol,0,left,Ind,luz
T11_ret_P1,11,ret,invol,1,center,D,consciencia
T11_ret_P2,11,ret,invol,2,right,Tot,oscuridad
T12_ret_P0,12,ret,invol,0,left,Ind,evolución
T12_ret_P1,12,ret,invol,1,center,D,vacío
T12_ret_P2,12,ret,invol,2,right,Tot,involución
