step_id,vector,phase,axis_position,visual_index,label,arrow
vector_evol_adv_0,Evol,adv,0,0,vacío,→
vector_evol_adv_1,Evol,adv,1,1,ind,→
vector_evol_adv_2,Evol,adv,2,2,dua,→
vector_evol_adv_3,Evol,adv,3,3,tot,→
vector_evol_adv_4,Evol,adv,4,4,evol,→
vector_evol_ret_0,Evol,ret,4,0,evol,←
vector_evol_ret_1,Evol,ret,3,1,tot,←
vector_evol_ret_2,Evol,ret,2,2,dua,←
vector_evol_ret_3,Evol,ret,1,3,ind,←
vector_evol_ret_4,Evol,ret,0,4,vacío,←
vector_invol_adv_0,Invol,adv,4,0,invol,→
vector_invol_adv_1,Invol,adv,3,1,tot,→
vector_invol_adv_2,Invol,adv,2,2,dua,→
vector_invol_adv_3,Invol,adv,1,3,ind,→
vector_invol_adv_4,Invol,adv,0,4,vacío,→
vector_invol_ret_0,Invol,ret,0,0,vacío,←
vector_invol_ret_1,Invol,ret,1,1,ind,←
vector_invol_ret_2,Invol,ret,2,2,dua,←
vector_invol_ret_3,Invol,ret,3,3,tot,←
vector_invol_ret_4,Invol,ret,4,4,invol,←
